{
  "family_mean": {
    "AUTOMOTIVE": 1.6098312961458001,
    "BABY CARE": 0.05684948742679771,
    "BEAUTY": 1.1482161832527427,
    "BEVERAGES": 6.937614445713703,
    "BOOKS": 0.032897433826540215,
    "BREAD/BAKERY": 5.493068465837865,
    "CELEBRATION": 1.3720838163409104,
    "CLEANING": 6.355644061846074,
    "DAIRY": 5.804257316548159,
    "DELI": 5.027259946831349,
    "EGGS": 4.532169240019542,
    "FROZEN FOODS": 4.17025873922213,
    "GROCERY I": 7.494561912413977,
    "GROCERY II": 2.4046560359046976,
    "HARDWARE": 0.5523429020235187,
    "HOME AND KITCHEN I": 2.0344382065578808,
    "HOME AND KITCHEN II": 1.8821817820239863,
    "HOME APPLIANCES": 0.24819084289032076,
    "HOME CARE": 3.2667904804963777,
    "LADIESWEAR": 1.0266225176504067,
    "LAWN AND GARDEN": 1.117378070190939,
    "LINGERIE": 1.6489745634359911,
    "LIQUOR,WINE,BEER": 3.375001487396501,
    "MAGAZINES": 0.7357352104653007,
    "MEATS": 5.111117375335463,
    "PERSONAL CARE": 5.040228119579816,
    "PET SUPPLIES": 0.8572574150427986,
    "PLAYERS AND ELECTRONICS": 1.189472445711895,
    "POULTRY": 5.0615000076909284,
    "PREPARED FOODS": 3.917108674430694,
    "PRODUCE": 4.479739314805616,
    "SCHOOL AND OFFICE SUPPLIES": 0.42342380436342214,
    "SEAFOOD": 2.163257031865549
  },
  "store_mean": {
    "1": 3.147057187523398,
    "2": 3.4267978702646107,
    "3": 4.118091452881662,
    "4": 3.2862671220477586,
    "5": 3.2418372755173293,
    "6": 3.5172787029044033,
    "7": 3.5642879465844666,
    "8": 3.7529677480933357,
    "9": 3.4052565115398457,
    "10": 2.501103624297431,
    "11": 3.289023864467577,
    "12": 2.5889244623740684,
    "13": 2.550121532872589,
    "14": 2.6200473748474296,
    "15": 2.7236427157042375,
    "16": 2.613227425845119,
    "17": 2.968268702495975,
    "18": 2.7426496808767986,
    "19": 2.731725268946928,
    "20": 1.8551982774473768,
    "21": 1.5458297335583142,
    "22": 1.1716628508834068,
    "23": 2.902809194045497,
    "24": 3.326425994365173,
    "25": 2.7731261544901127,
    "26": 2.507352612627018,
    "27": 3.3049499314944213,
    "28": 3.0427147847476776,
    "29": 1.7208275024525532,
    "30": 2.440868240350643,
    "31": 3.012742450539213,
    "32": 2.199473978967544,
    "33": 2.818378849062332,
    "34": 3.0187656727345713,
    "35": 2.3083960380218453,
    "36": 2.6923431980616854,
    "37": 3.3859713504805224,
    "38": 3.3356445088323254,
    "39": 3.2367599805180927,
    "40": 2.879760674339409,
    "41": 3.1588329520683605,
    "42": 1.5678380960155103,
    "43": 2.7544370824975246,
    "44": 4.273591199749711,
    "45": 4.090792383732023,
    "46": 3.869608348076243,
    "47": 4.041194092386314,
    "48": 3.6933741926445456,
    "49": 3.934126889935115,
    "50": 3.6233431612747045,
    "51": 3.6729737462794696,
    "52": 0.2964416032146926,
    "53": 2.242301666004701,
    "54": 2.5364129924871635
  },
  "store_cluster_mean": {
    "1": 3.1348340267832353,
    "2": 2.476904723248016,
    "3": 2.542359742724865,
    "4": 3.2454382454726716,
    "5": 4.273591199749711,
    "6": 2.725139006710963,
    "7": 1.8958551128654182,
    "8": 3.811782382519821,
    "9": 3.094538158046628,
    "10": 2.6217362718209456,
    "11": 2.7737869589606103,
    "12": 2.968268702495975,
    "13": 3.0833588566742782,
    "14": 3.806879948595452,
    "15": 2.619103520839051,
    "16": 2.7426496808767986,
    "17": 3.6729737462794696
  },
  "global_mean": 2.9263675343420497,
  "family_label_map": {
    "AUTOMOTIVE": 0,
    "BABY CARE": 1,
    "BEAUTY": 2,
    "BEVERAGES": 3,
    "BOOKS": 4,
    "BREAD/BAKERY": 5,
    "CELEBRATION": 6,
    "CLEANING": 7,
    "DAIRY": 8,
    "DELI": 9,
    "EGGS": 10,
    "FROZEN FOODS": 11,
    "GROCERY I": 12,
    "GROCERY II": 13,
    "HARDWARE": 14,
    "HOME AND KITCHEN I": 15,
    "HOME AND KITCHEN II": 16,
    "HOME APPLIANCES": 17,
    "HOME CARE": 18,
    "LADIESWEAR": 19,
    "LAWN AND GARDEN": 20,
    "LINGERIE": 21,
    "LIQUOR,WINE,BEER": 22,
    "MAGAZINES": 23,
    "MEATS": 24,
    "PERSONAL CARE": 25,
    "PET SUPPLIES": 26,
    "PLAYERS AND ELECTRONICS": 27,
    "POULTRY": 28,
    "PREPARED FOODS": 29,
    "PRODUCE": 30,
    "SCHOOL AND OFFICE SUPPLIES": 31,
    "SEAFOOD": 32
  },
  "family_zero_pct": {
    "AUTOMOTIVE": 0.1278481569455441,
    "BABY CARE": 0.9413103721298496,
    "BEAUTY": 0.2628222046274303,
    "BEVERAGES": 0.08061713732735111,
    "BOOKS": 0.9695500131960939,
    "BREAD/BAKERY": 0.08060614058238762,
    "CELEBRATION": 0.43633984340635174,
    "CLEANING": 0.08061713732735111,
    "DAIRY": 0.08061713732735111,
    "DELI": 0.08061713732735111,
    "EGGS": 0.08061713732735111,
    "FROZEN FOODS": 0.08091404944136536,
    "GROCERY I": 0.08062813407231459,
    "GROCERY II": 0.12112914577285123,
    "HARDWARE": 0.47862232779097386,
    "HOME AND KITCHEN I": 0.3464524500747779,
    "HOME AND KITCHEN II": 0.3471342482625143,
    "HOME APPLIANCES": 0.7351763877892143,
    "HOME CARE": 0.4090899093868215,
    "LADIESWEAR": 0.5984648544030967,
    "LAWN AND GARDEN": 0.46784551772675287,
    "LINGERIE": 0.16046450250725786,
    "LIQUOR,WINE,BEER": 0.17865311867687164,
    "MAGAZINES": 0.5653866455529163,
    "MEATS": 0.08061713732735111,
    "PERSONAL CARE": 0.08065012756224157,
    "PET SUPPLIES": 0.546153338611771,
    "PLAYERS AND ELECTRONICS": 0.44886513591976773,
    "POULTRY": 0.08076009501187649,
    "PREPARED FOODS": 0.08083707222662093,
    "PRODUCE": 0.2835510688836104,
    "SCHOOL AND OFFICE SUPPLIES": 0.7408287147004486,
    "SEAFOOD": 0.19358669833729217
  }
}