model,rmsle,rmse,mae,mape,wape,bias,bias_pct,r2,n_samples,log_rmse
LightGBM,0.37394314230487474,193.1845757290441,56.47704816415467,31.72428172213097,12.089885590966446,14.803622005174425,3.168970443608717,0.9760525421582761,28512,0.37394712955185105
Ensemble,0.37394314230487474,193.1845757290441,56.47704816415467,31.72428172213097,12.089885590966446,14.803622005174425,3.168970443608717,0.9760525421582761,28512,
Prophet,0.7857993481927523,2114.394378839013,284.6181152798464,57.336717360644485,60.927413218345315,137.6105924417261,29.45791915133252,-1.8687091031734444,28512,
